Brand,Link
Acer,https://www.gsmarena.com/acer-phones-59.php
alcatel,https://www.gsmarena.com/alcatel-phones-5.php
Allview,https://www.gsmarena.com/allview-phones-88.php
Amazon,https://www.gsmarena.com/amazon-phones-76.php
Amoi,https://www.gsmarena.com/amoi-phones-28.php
Apple,https://www.gsmarena.com/apple-phones-48.php
Archos,https://www.gsmarena.com/archos-phones-90.php
Asus,https://www.gsmarena.com/asus-phones-46.php
AT&T,https://www.gsmarena.com/at&t-phones-57.php
Benefon,https://www.gsmarena.com/benefon-phones-15.php
BenQ,https://www.gsmarena.com/benq-phones-31.php
BenQ-Siemens,https://www.gsmarena.com/benq_siemens-phones-42.php
Bird,https://www.gsmarena.com/bird-phones-34.php
BlackBerry,https://www.gsmarena.com/blackberry-phones-36.php
Blackview,https://www.gsmarena.com/blackview-phones-116.php
BLU,https://www.gsmarena.com/blu-phones-67.php
Bosch,https://www.gsmarena.com/bosch-phones-10.php
BQ,https://www.gsmarena.com/bq-phones-108.php
Casio,https://www.gsmarena.com/casio-phones-77.php
Cat,https://www.gsmarena.com/cat-phones-89.php
Celkon,https://www.gsmarena.com/celkon-phones-75.php
Chea,https://www.gsmarena.com/chea-phones-24.php
Coolpad,https://www.gsmarena.com/coolpad-phones-105.php
Cubot,https://www.gsmarena.com/cubot-phones-130.php
Dell,https://www.gsmarena.com/dell-phones-61.php
Doogee,https://www.gsmarena.com/doogee-phones-129.php
Emporia,https://www.gsmarena.com/emporia-phones-93.php
Energizer,https://www.gsmarena.com/energizer-phones-106.php
Ericsson,https://www.gsmarena.com/ericsson-phones-2.php
Eten,https://www.gsmarena.com/eten-phones-40.php
Fairphone,https://www.gsmarena.com/fairphone-phones-127.php
Fujitsu Siemens,https://www.gsmarena.com/fujitsu_siemens-phones-50.php
Garmin-Asus,https://www.gsmarena.com/garmin_asus-phones-65.php
Gigabyte,https://www.gsmarena.com/gigabyte-phones-47.php
Gionee,https://www.gsmarena.com/gionee-phones-92.php
Google,https://www.gsmarena.com/google-phones-107.php
Haier,https://www.gsmarena.com/haier-phones-33.php
HMD,https://www.gsmarena.com/hmd-phones-133.php
Honor,https://www.gsmarena.com/honor-phones-121.php
HP,https://www.gsmarena.com/hp-phones-41.php
HTC,https://www.gsmarena.com/htc-phones-45.php
Huawei,https://www.gsmarena.com/huawei-phones-58.php
i-mate,https://www.gsmarena.com/i_mate-phones-35.php
i-mobile,https://www.gsmarena.com/i_mobile-phones-52.php
Icemobile,https://www.gsmarena.com/icemobile-phones-69.php
Infinix,https://www.gsmarena.com/infinix-phones-119.php
Innostream,https://www.gsmarena.com/innostream-phones-29.php
iNQ,https://www.gsmarena.com/inq-phones-60.php
Intex,https://www.gsmarena.com/intex-phones-102.php
itel,https://www.gsmarena.com/itel-phones-131.php
Jolla,https://www.gsmarena.com/jolla-phones-84.php
Karbonn,https://www.gsmarena.com/karbonn-phones-83.php
Kyocera,https://www.gsmarena.com/kyocera-phones-17.php
Lava,https://www.gsmarena.com/lava-phones-94.php
LeEco,https://www.gsmarena.com/leeco-phones-109.php
Lenovo,https://www.gsmarena.com/lenovo-phones-73.php
LG,https://www.gsmarena.com/lg-phones-20.php
Maxon,https://www.gsmarena.com/maxon-phones-14.php
Maxwest,https://www.gsmarena.com/maxwest-phones-87.php
Meizu,https://www.gsmarena.com/meizu-phones-74.php
Micromax,https://www.gsmarena.com/micromax-phones-66.php
Microsoft,https://www.gsmarena.com/microsoft-phones-64.php
Mitac,https://www.gsmarena.com/mitac-phones-25.php
Mitsubishi,https://www.gsmarena.com/mitsubishi-phones-8.php
Modu,https://www.gsmarena.com/modu-phones-63.php
Motorola,https://www.gsmarena.com/motorola-phones-4.php
MWg,https://www.gsmarena.com/mwg-phones-56.php
NEC,https://www.gsmarena.com/nec-phones-12.php
Neonode,https://www.gsmarena.com/neonode-phones-22.php
NIU,https://www.gsmarena.com/niu-phones-79.php
Nokia,https://www.gsmarena.com/nokia-phones-1.php
Nothing,https://www.gsmarena.com/nothing-phones-128.php
Nvidia,https://www.gsmarena.com/nvidia-phones-97.php
O2,https://www.gsmarena.com/o2-phones-30.php
OnePlus,https://www.gsmarena.com/oneplus-phones-95.php
Oppo,https://www.gsmarena.com/oppo-phones-82.php
Orange,https://www.gsmarena.com/orange-phones-71.php
Oscal,https://www.gsmarena.com/oscal-phones-134.php
Oukitel,https://www.gsmarena.com/oukitel-phones-132.php
Palm,https://www.gsmarena.com/palm-phones-27.php
Panasonic,https://www.gsmarena.com/panasonic-phones-6.php
Pantech,https://www.gsmarena.com/pantech-phones-32.php
Parla,https://www.gsmarena.com/parla-phones-81.php
Philips,https://www.gsmarena.com/philips-phones-11.php
Plum,https://www.gsmarena.com/plum-phones-72.php
Posh,https://www.gsmarena.com/posh-phones-101.php
Prestigio,https://www.gsmarena.com/prestigio-phones-86.php
QMobile,https://www.gsmarena.com/qmobile-phones-103.php
Qtek,https://www.gsmarena.com/qtek-phones-38.php
Razer,https://www.gsmarena.com/razer-phones-117.php
Realme,https://www.gsmarena.com/realme-phones-118.php
Sagem,https://www.gsmarena.com/sagem-phones-13.php
Samsung,https://www.gsmarena.com/samsung-phones-9.php
Sendo,https://www.gsmarena.com/sendo-phones-18.php
Sewon,https://www.gsmarena.com/sewon-phones-26.php
Sharp,https://www.gsmarena.com/sharp-phones-23.php
Siemens,https://www.gsmarena.com/siemens-phones-3.php
Sonim,https://www.gsmarena.com/sonim-phones-54.php
Sony,https://www.gsmarena.com/sony-phones-7.php
Sony Ericsson,https://www.gsmarena.com/sony_ericsson-phones-19.php
Spice,https://www.gsmarena.com/spice-phones-68.php
T-Mobile,https://www.gsmarena.com/t_mobile-phones-55.php
TCL,https://www.gsmarena.com/tcl-phones-123.php
Tecno,https://www.gsmarena.com/tecno-phones-120.php
Tel.Me.,https://www.gsmarena.com/tel_me_-phones-21.php
Telit,https://www.gsmarena.com/telit-phones-16.php
Thuraya,https://www.gsmarena.com/thuraya-phones-49.php
Toshiba,https://www.gsmarena.com/toshiba-phones-44.php
Ulefone,https://www.gsmarena.com/ulefone-phones-124.php
Umidigi,https://www.gsmarena.com/umidigi-phones-135.php
Unnecto,https://www.gsmarena.com/unnecto-phones-91.php
Vertu,https://www.gsmarena.com/vertu-phones-39.php
verykool,https://www.gsmarena.com/verykool-phones-70.php
vivo,https://www.gsmarena.com/vivo-phones-98.php
VK Mobile,https://www.gsmarena.com/vk_mobile-phones-37.php
Vodafone,https://www.gsmarena.com/vodafone-phones-53.php
Wiko,https://www.gsmarena.com/wiko-phones-96.php
WND,https://www.gsmarena.com/wnd-phones-51.php
XCute,https://www.gsmarena.com/xcute-phones-43.php
Xiaomi,https://www.gsmarena.com/xiaomi-phones-80.php
XOLO,https://www.gsmarena.com/xolo-phones-85.php
Yezz,https://www.gsmarena.com/yezz-phones-78.php
Yota,https://www.gsmarena.com/yota-phones-99.php
YU,https://www.gsmarena.com/yu-phones-100.php
ZTE,https://www.gsmarena.com/zte-phones-62.php
